{
  "12": 17.346755614104286,
  "42": 14.186137855754318,
  "39": 13.074855285145226,
  "34": 32.22003234003027,
  "40": 26.360996012450492
}