{
  "69": 32.22003234003027,
  "53": 26.360996012450492,
  "26": 27.71477537347119,
  "87": 10.953480384453508,
  "7": 12.810857195847774,
  "98": 16.979826801722187,
  "39": 28.06056187149941,
  "1": 26.837351888158388,
  "74": 31.480588387672103,
  "81": 31.03974920770708
}